"DESCRIPTION","DURATION IN MS","NAME","PARENT SUITE","START TIME","STATUS","STOP TIME","SUB SUITE","SUITE","TEST CLASS","TEST METHOD"
"","2100","Contract policy is NOT fulfilled Dismantler allowedBrands (NEQ, but is equal)","","Mon Jul 28 04:06:07 GMT 2025","passed","Mon Jul 28 04:06:09 GMT 2025","","org.eclipse.tractusx.edc.tests.transfer.DimConsumerPullTest","org.eclipse.tractusx.edc.tests.transfer.DimConsumerPullTest","transferData_whenContractPolicyNotFulfilled"
"","1333","The Authorization header is missing","","Mon Jul 28 04:04:03 GMT 2025","passed","Mon Jul 28 04:04:05 GMT 2025","","org.eclipse.tractusx.edc.dataplane.tokenrefresh.e2e.DataPlaneTokenRefreshEndToEndTest","org.eclipse.tractusx.edc.dataplane.tokenrefresh.e2e.DataPlaneTokenRefreshEndToEndTest","refresh_missingAuthHeader"
"","17190","Malicious actor should not impersonate a consumer sending a valid consumer VP","","Mon Jul 28 04:04:35 GMT 2025","passed","Mon Jul 28 04:04:52 GMT 2025","","org.eclipse.tractusx.edc.tests.transfer.CredentialSpoofTest","org.eclipse.tractusx.edc.tests.transfer.CredentialSpoofTest","shouldNotImpersonateConsumer_withConsumerPresentation"
"","190","Multiple ContractDefinitions exist for one Asset","","Mon Jul 28 04:05:21 GMT 2025","passed","Mon Jul 28 04:05:21 GMT 2025","","org.eclipse.tractusx.edc.tests.catalog.CatalogTest","org.eclipse.tractusx.edc.tests.catalog.CatalogTest","requestCatalog_multipleOffersForAsset"
"","2952","Contract policy is fulfilled Dismantler Cred (activity type)","","Mon Jul 28 04:06:28 GMT 2025","passed","Mon Jul 28 04:06:31 GMT 2025","","org.eclipse.tractusx.edc.tests.transfer.DimConsumerPullTest","org.eclipse.tractusx.edc.tests.transfer.DimConsumerPullTest","transferData_whenContractPolicyFulfilled"
"","58","Provider gets 200 when asset selector has a valid criterion","","Mon Jul 28 04:05:16 GMT 2025","passed","Mon Jul 28 04:05:16 GMT 2025","","org.eclipse.tractusx.edc.tests.validators.EmptyAssetSelectorValidatorTest","org.eclipse.tractusx.edc.tests.validators.EmptyAssetSelectorValidatorTest","shouldPass_whenContractDefinitionHasCorrectAssetSelector"
"","32","Policy is accepted Dismantler Credential","","Mon Jul 28 04:04:21 GMT 2025","passed","Mon Jul 28 04:04:21 GMT 2025","","org.eclipse.tractusx.edc.tests.policy.PolicyDefinitionEndToEndTest","org.eclipse.tractusx.edc.tests.policy.PolicyDefinitionEndToEndTest","shouldNotAcceptInvalidValidPolicyDefinitions"
"","72","Policy is accepted Dismantler allowedBrands (IS_ANY_OF, one intersects)","","Mon Jul 28 04:04:22 GMT 2025","passed","Mon Jul 28 04:04:22 GMT 2025","","org.eclipse.tractusx.edc.tests.policy.PolicyDefinitionEndToEndTest","org.eclipse.tractusx.edc.tests.policy.PolicyDefinitionEndToEndTest","shouldAcceptValidPolicyDefinitions"
"","2106","Contract policy is NOT fulfilled Dismantler activityType does not match","","Mon Jul 28 04:06:05 GMT 2025","passed","Mon Jul 28 04:06:07 GMT 2025","","org.eclipse.tractusx.edc.tests.transfer.DimConsumerPullTest","org.eclipse.tractusx.edc.tests.transfer.DimConsumerPullTest","transferData_whenContractPolicyNotFulfilled"
"","2947","Contract policy is NOT fulfilled Dismantler allowedBrands (IS_NONE_OF, but is one contains)","","Mon Jul 28 04:07:53 GMT 2025","passed","Mon Jul 28 04:07:56 GMT 2025","","org.eclipse.tractusx.edc.tests.transfer.StsConsumerPullTest","org.eclipse.tractusx.edc.tests.transfer.StsConsumerPullTest","transferData_whenContractPolicyNotFulfilled"
"","9749","transferData_privateBackend()","","Mon Jul 28 04:04:28 GMT 2025","passed","Mon Jul 28 04:04:38 GMT 2025","","org.eclipse.tractusx.edc.tests.transfer.TransferPullEndToEndTest","org.eclipse.tractusx.edc.tests.transfer.TransferPullEndToEndTest","transferData_privateBackend"
"","3021","Contract policy is fulfilled Dismantler allowedBrands (IS_NONE_OF, no intersect)","","Mon Jul 28 04:06:37 GMT 2025","passed","Mon Jul 28 04:06:40 GMT 2025","","org.eclipse.tractusx.edc.tests.transfer.DimConsumerPullTest","org.eclipse.tractusx.edc.tests.transfer.DimConsumerPullTest","transferData_whenContractPolicyFulfilled"
"","39547","Catalog with 1000 offers","","Mon Jul 28 04:04:41 GMT 2025","passed","Mon Jul 28 04:05:21 GMT 2025","","org.eclipse.tractusx.edc.tests.catalog.CatalogTest","org.eclipse.tractusx.edc.tests.catalog.CatalogTest","requestCatalog_of1000Assets_shouldContainAll"
"","1228","The refresh token does not match the stored one","","Mon Jul 28 04:04:10 GMT 2025","passed","Mon Jul 28 04:04:11 GMT 2025","","org.eclipse.tractusx.edc.dataplane.tokenrefresh.e2e.DataPlaneTokenRefreshEndToEndTest","org.eclipse.tractusx.edc.dataplane.tokenrefresh.e2e.DataPlaneTokenRefreshEndToEndTest","refresh_withWrongRefreshToken"
"","2670","transferFile_azureToS3MultipleFiles(Vault)","","Mon Jul 28 04:05:13 GMT 2025","passed","Mon Jul 28 04:05:16 GMT 2025","","org.eclipse.tractusx.edc.dataplane.transfer.test.MultiCloudTest","org.eclipse.tractusx.edc.dataplane.transfer.test.MultiCloudTest","transferFile_azureToS3MultipleFiles"
"","5410","When multiple requests to refresh, to different edrs, verify all return non expired token","","Mon Jul 28 04:04:18 GMT 2025","passed","Mon Jul 28 04:04:24 GMT 2025","","org.eclipse.tractusx.edc.tests.edrv2.EdrCacheApiEndToEndTest","org.eclipse.tractusx.edc.tests.edrv2.EdrCacheApiEndToEndTest","getEdrWithRefresh_subsequentRequestReturn"
"","5968","Contract policy is fulfilled PCF Use Case (new notation)","","Mon Jul 28 04:08:09 GMT 2025","passed","Mon Jul 28 04:08:15 GMT 2025","","org.eclipse.tractusx.edc.tests.transfer.StsConsumerPullTest","org.eclipse.tractusx.edc.tests.transfer.StsConsumerPullTest","transferData_whenContractPolicyFulfilled"
"","7254","transferFile_success()","","Mon Jul 28 04:05:12 GMT 2025","passed","Mon Jul 28 04:05:19 GMT 2025","","org.eclipse.tractusx.edc.tests.transfer.S3ToS3EndToEndTest","org.eclipse.tractusx.edc.tests.transfer.S3ToS3EndToEndTest","transferFile_success"
"","70","Policy is accepted Dismantler Cred (activity type)","","Mon Jul 28 04:04:22 GMT 2025","passed","Mon Jul 28 04:04:22 GMT 2025","","org.eclipse.tractusx.edc.tests.policy.PolicyDefinitionEndToEndTest","org.eclipse.tractusx.edc.tests.policy.PolicyDefinitionEndToEndTest","shouldAcceptValidPolicyDefinitions"
"","2968","Contract policy is NOT fulfilled Sustainability Use Case (legacy notation)","","Mon Jul 28 04:07:41 GMT 2025","passed","Mon Jul 28 04:07:44 GMT 2025","","org.eclipse.tractusx.edc.tests.transfer.StsConsumerPullTest","org.eclipse.tractusx.edc.tests.transfer.StsConsumerPullTest","transferData_whenContractPolicyNotFulfilled"
"","2552","Verify that the consumer receives only the offers he is permitted to (using the legacy BPN validation)","","Mon Jul 28 04:04:38 GMT 2025","passed","Mon Jul 28 04:04:41 GMT 2025","","org.eclipse.tractusx.edc.tests.catalog.CatalogTest","org.eclipse.tractusx.edc.tests.catalog.CatalogTest","requestCatalog_filteredByBpnLegacy_WithNamespace_shouldReject"
"","2371","Verify the refresh endpoint is not called when auto_refresh=false","","Mon Jul 28 04:04:14 GMT 2025","passed","Mon Jul 28 04:04:17 GMT 2025","","org.eclipse.tractusx.edc.tests.edrv2.EdrCacheApiEndToEndTest","org.eclipse.tractusx.edc.tests.edrv2.EdrCacheApiEndToEndTest","getEdrWithRefresh_whenNotAutorefresh_shouldNotCallEndpoint"
"","262","Verify that the consumer receives only the offers he is permitted to (using the legacy BPN validation)","","Mon Jul 28 04:05:21 GMT 2025","passed","Mon Jul 28 04:05:21 GMT 2025","","org.eclipse.tractusx.edc.tests.catalog.CatalogTest","org.eclipse.tractusx.edc.tests.catalog.CatalogTest","requestCatalog_filteredByBpnLegacy_shouldReject"
"","57","Policy is accepted DataExchangeGovernance use case","","Mon Jul 28 04:04:22 GMT 2025","passed","Mon Jul 28 04:04:22 GMT 2025","","org.eclipse.tractusx.edc.tests.policy.PolicyDefinitionEndToEndTest","org.eclipse.tractusx.edc.tests.policy.PolicyDefinitionEndToEndTest","shouldAcceptValidPolicyDefinitions"
"","6111","azureBlobPush_withDestFolder()","","Mon Jul 28 04:04:36 GMT 2025","passed","Mon Jul 28 04:04:42 GMT 2025","","org.eclipse.tractusx.edc.tests.transfer.AzureToAzureEndToEndTest","org.eclipse.tractusx.edc.tests.transfer.AzureToAzureEndToEndTest","azureBlobPush_withDestFolder"
"","2","verifyCorrectParticipantAgentId(ParticipantAgentService)","","Mon Jul 28 04:06:53 GMT 2025","passed","Mon Jul 28 04:06:53 GMT 2025","","org.eclipse.tractusx.edc.tests.transfer.IdentityExtractorTest","org.eclipse.tractusx.edc.tests.transfer.IdentityExtractorTest","verifyCorrectParticipantAgentId"
"","2038","transferFile_s3ToAzure(Vault)","","Mon Jul 28 04:05:18 GMT 2025","passed","Mon Jul 28 04:05:20 GMT 2025","","org.eclipse.tractusx.edc.dataplane.transfer.test.MultiCloudTest","org.eclipse.tractusx.edc.dataplane.transfer.test.MultiCloudTest","transferFile_s3ToAzure"
"","41","Policy is accepted PCF Use Case (new notation)","","Mon Jul 28 04:04:21 GMT 2025","passed","Mon Jul 28 04:04:21 GMT 2025","","org.eclipse.tractusx.edc.tests.policy.PolicyDefinitionEndToEndTest","org.eclipse.tractusx.edc.tests.policy.PolicyDefinitionEndToEndTest","shouldNotAcceptInvalidValidPolicyDefinitions"
"","1228","The authentication token has a invalid id","","Mon Jul 28 04:04:09 GMT 2025","passed","Mon Jul 28 04:04:10 GMT 2025","","org.eclipse.tractusx.edc.dataplane.tokenrefresh.e2e.DataPlaneTokenRefreshEndToEndTest","org.eclipse.tractusx.edc.dataplane.tokenrefresh.e2e.DataPlaneTokenRefreshEndToEndTest","refresh_invalidTokenId"
"","28","Policy is accepted Dismantler allowedBrands (IS_NONE_OF, no intersect)","","Mon Jul 28 04:04:21 GMT 2025","passed","Mon Jul 28 04:04:21 GMT 2025","","org.eclipse.tractusx.edc.tests.policy.PolicyDefinitionEndToEndTest","org.eclipse.tractusx.edc.tests.policy.PolicyDefinitionEndToEndTest","shouldNotAcceptInvalidValidPolicyDefinitions"
"","2166","transferFile_success()","","Mon Jul 28 04:05:31 GMT 2025","passed","Mon Jul 28 04:05:33 GMT 2025","","org.eclipse.tractusx.edc.dataplane.transfer.test.S3ToS3Test","org.eclipse.tractusx.edc.dataplane.transfer.test.S3ToS3Test","transferFile_success"
"","162","refreshEdr_whenNotFound()","","Mon Jul 28 04:04:18 GMT 2025","passed","Mon Jul 28 04:04:18 GMT 2025","","org.eclipse.tractusx.edc.tests.edrv2.EdrCacheApiEndToEndTest","org.eclipse.tractusx.edc.tests.edrv2.EdrCacheApiEndToEndTest","refreshEdr_whenNotFound"
"","2124","Contract policy is NOT fulfilled Dismantler allowedBrands (IS_NONE_OF, but is one contains)","","Mon Jul 28 04:06:09 GMT 2025","passed","Mon Jul 28 04:06:11 GMT 2025","","org.eclipse.tractusx.edc.tests.transfer.DimConsumerPullTest","org.eclipse.tractusx.edc.tests.transfer.DimConsumerPullTest","transferData_whenContractPolicyNotFulfilled"
"","35","Policy is accepted Contract reference","","Mon Jul 28 04:04:21 GMT 2025","passed","Mon Jul 28 04:04:21 GMT 2025","","org.eclipse.tractusx.edc.tests.policy.PolicyDefinitionEndToEndTest","org.eclipse.tractusx.edc.tests.policy.PolicyDefinitionEndToEndTest","shouldNotAcceptInvalidValidPolicyDefinitions"
"","18734","transferFile_largeFile(long, Vault) File size bytes: 536870912","","Mon Jul 28 04:04:14 GMT 2025","passed","Mon Jul 28 04:04:33 GMT 2025","","org.eclipse.tractusx.edc.dataplane.transfer.test.AzureToAzureTest","org.eclipse.tractusx.edc.dataplane.transfer.test.AzureToAzureTest","transferFile_largeFile"
"","3018","transferData_privateBackend_withConsumerDataPlane()","","Mon Jul 28 04:05:42 GMT 2025","passed","Mon Jul 28 04:05:45 GMT 2025","","org.eclipse.tractusx.edc.tests.transfer.DimConsumerPullTest","org.eclipse.tractusx.edc.tests.transfer.DimConsumerPullTest","transferData_privateBackend_withConsumerDataPlane"
"","1261","Refresh token is null or empty (missing) [1] null","","Mon Jul 28 04:04:06 GMT 2025","passed","Mon Jul 28 04:04:07 GMT 2025","","org.eclipse.tractusx.edc.dataplane.tokenrefresh.e2e.DataPlaneTokenRefreshEndToEndTest","org.eclipse.tractusx.edc.dataplane.tokenrefresh.e2e.DataPlaneTokenRefreshEndToEndTest","refresh_invalidRefreshToken"
"","7032","transferData_withExpiredEdr_shouldReturn4xx()","","Mon Jul 28 04:05:58 GMT 2025","passed","Mon Jul 28 04:06:05 GMT 2025","","org.eclipse.tractusx.edc.tests.transfer.TransferWithTokenRefreshTest","org.eclipse.tractusx.edc.tests.transfer.TransferWithTokenRefreshTest","transferData_withExpiredEdr_shouldReturn4xx"
"","3893","transferData_privateBackend_withConsumerDataPlane()","","Mon Jul 28 04:04:38 GMT 2025","passed","Mon Jul 28 04:04:42 GMT 2025","","org.eclipse.tractusx.edc.tests.transfer.TransferPullEndToEndTest","org.eclipse.tractusx.edc.tests.transfer.TransferPullEndToEndTest","transferData_privateBackend_withConsumerDataPlane"
"","2957","Contract policy is NOT fulfilled Dismantler allowedBrands (NEQ, but is equal)","","Mon Jul 28 04:07:50 GMT 2025","passed","Mon Jul 28 04:07:53 GMT 2025","","org.eclipse.tractusx.edc.tests.transfer.StsConsumerPullTest","org.eclipse.tractusx.edc.tests.transfer.StsConsumerPullTest","transferData_whenContractPolicyNotFulfilled"
"","43","Policy is accepted In force date policy","","Mon Jul 28 04:04:23 GMT 2025","passed","Mon Jul 28 04:04:23 GMT 2025","","org.eclipse.tractusx.edc.tests.policy.PolicyDefinitionEndToEndTest","org.eclipse.tractusx.edc.tests.policy.PolicyDefinitionEndToEndTest","shouldAcceptValidPolicyDefinitions"
"","26","Policy is accepted Dismantler allowedBrands (IS_ANY_OF, one intersects)","","Mon Jul 28 04:04:21 GMT 2025","passed","Mon Jul 28 04:04:21 GMT 2025","","org.eclipse.tractusx.edc.tests.policy.PolicyDefinitionEndToEndTest","org.eclipse.tractusx.edc.tests.policy.PolicyDefinitionEndToEndTest","shouldNotAcceptInvalidValidPolicyDefinitions"
"","2075","transferFile_s3ToAzureMultipleFiles_whenConsumerDefinesBloblName_success(Vault)","","Mon Jul 28 04:05:16 GMT 2025","passed","Mon Jul 28 04:05:18 GMT 2025","","org.eclipse.tractusx.edc.dataplane.transfer.test.MultiCloudTest","org.eclipse.tractusx.edc.dataplane.transfer.test.MultiCloudTest","transferFile_s3ToAzureMultipleFiles_whenConsumerDefinesBloblName_success"
"","6994","transferData_privateBackend_withConsumerDataPlane()","","Mon Jul 28 04:07:18 GMT 2025","passed","Mon Jul 28 04:07:25 GMT 2025","","org.eclipse.tractusx.edc.tests.transfer.StsConsumerPullTest","org.eclipse.tractusx.edc.tests.transfer.StsConsumerPullTest","transferData_privateBackend_withConsumerDataPlane"
"","2039","transferFile_targetContainerNotExist_shouldFail(Vault)","","Mon Jul 28 04:05:03 GMT 2025","passed","Mon Jul 28 04:05:05 GMT 2025","","org.eclipse.tractusx.edc.dataplane.transfer.test.AzureToAzureTest","org.eclipse.tractusx.edc.dataplane.transfer.test.AzureToAzureTest","transferFile_targetContainerNotExist_shouldFail"
"","5787","Contract policy is fulfilled MembershipCredential","","Mon Jul 28 04:07:57 GMT 2025","passed","Mon Jul 28 04:08:03 GMT 2025","","org.eclipse.tractusx.edc.tests.transfer.StsConsumerPullTest","org.eclipse.tractusx.edc.tests.transfer.StsConsumerPullTest","transferData_whenContractPolicyFulfilled"
"","249","Verify that the consumer receives only the offers he is permitted to (using the new BPN validation)","","Mon Jul 28 04:05:21 GMT 2025","passed","Mon Jul 28 04:05:21 GMT 2025","","org.eclipse.tractusx.edc.tests.catalog.CatalogTest","org.eclipse.tractusx.edc.tests.catalog.CatalogTest","requestCatalog_filteredByBpn_shouldReject"
"","187","Verify HTTP 200 response and body when refreshing succeeds","","Mon Jul 28 04:04:24 GMT 2025","passed","Mon Jul 28 04:04:24 GMT 2025","","org.eclipse.tractusx.edc.tests.edrv2.EdrCacheApiEndToEndTest","org.eclipse.tractusx.edc.tests.edrv2.EdrCacheApiEndToEndTest","getEdrWithRefresh_success"
"","4622","The authentication token misses required claims: token","","Mon Jul 28 04:03:59 GMT 2025","passed","Mon Jul 28 04:04:03 GMT 2025","","org.eclipse.tractusx.edc.dataplane.tokenrefresh.e2e.DataPlaneTokenRefreshEndToEndTest","org.eclipse.tractusx.edc.dataplane.tokenrefresh.e2e.DataPlaneTokenRefreshEndToEndTest","refresh_invalidAuthenticationToken_missingAccessToken"
"","279","Consumer gets catalog from the provider. No constraints.","","Mon Jul 28 04:04:41 GMT 2025","passed","Mon Jul 28 04:04:41 GMT 2025","","org.eclipse.tractusx.edc.tests.catalog.CatalogTest","org.eclipse.tractusx.edc.tests.catalog.CatalogTest","requestCatalog_fulfillsPolicy_shouldReturnOffer"
"","3345","Contract policy is fulfilled Dismantler allowedBrands (IS_ANY_OF, one intersects)","","Mon Jul 28 04:06:31 GMT 2025","passed","Mon Jul 28 04:06:34 GMT 2025","","org.eclipse.tractusx.edc.tests.transfer.DimConsumerPullTest","org.eclipse.tractusx.edc.tests.transfer.DimConsumerPullTest","transferData_whenContractPolicyFulfilled"
"","48","Policy is accepted Usage Purpose","","Mon Jul 28 04:04:22 GMT 2025","passed","Mon Jul 28 04:04:22 GMT 2025","","org.eclipse.tractusx.edc.tests.policy.PolicyDefinitionEndToEndTest","org.eclipse.tractusx.edc.tests.policy.PolicyDefinitionEndToEndTest","shouldAcceptValidPolicyDefinitions"
"","3009","Contract policy is fulfilled PCF Use Case (new notation)","","Mon Jul 28 04:06:19 GMT 2025","passed","Mon Jul 28 04:06:22 GMT 2025","","org.eclipse.tractusx.edc.tests.transfer.DimConsumerPullTest","org.eclipse.tractusx.edc.tests.transfer.DimConsumerPullTest","transferData_whenContractPolicyFulfilled"
"","60","Policy is accepted Dismantler Credential","","Mon Jul 28 04:04:22 GMT 2025","passed","Mon Jul 28 04:04:22 GMT 2025","","org.eclipse.tractusx.edc.tests.policy.PolicyDefinitionEndToEndTest","org.eclipse.tractusx.edc.tests.policy.PolicyDefinitionEndToEndTest","shouldAcceptValidPolicyDefinitions"
"","1657","retireAgreement_shouldFail_whenAgreementDoesNotExist()","","Mon Jul 28 04:04:22 GMT 2025","passed","Mon Jul 28 04:04:23 GMT 2025","","org.eclipse.tractusx.edc.tests.agreement.retirement.RetireAgreementTest","org.eclipse.tractusx.edc.tests.agreement.retirement.RetireAgreementTest","retireAgreement_shouldFail_whenAgreementDoesNotExist"
"","1254","The Authorization header is empty","","Mon Jul 28 04:04:05 GMT 2025","passed","Mon Jul 28 04:04:06 GMT 2025","","org.eclipse.tractusx.edc.dataplane.tokenrefresh.e2e.DataPlaneTokenRefreshEndToEndTest","org.eclipse.tractusx.edc.dataplane.tokenrefresh.e2e.DataPlaneTokenRefreshEndToEndTest","refresh_emptyAuthHeader"
"","898","refreshEdr()","","Mon Jul 28 04:04:17 GMT 2025","passed","Mon Jul 28 04:04:18 GMT 2025","","org.eclipse.tractusx.edc.tests.edrv2.EdrCacheApiEndToEndTest","org.eclipse.tractusx.edc.tests.edrv2.EdrCacheApiEndToEndTest","refreshEdr"
"","179","Verify HTTP 403 response when refreshing the token is not allowed","","Mon Jul 28 04:04:18 GMT 2025","passed","Mon Jul 28 04:04:18 GMT 2025","","org.eclipse.tractusx.edc.tests.edrv2.EdrCacheApiEndToEndTest","org.eclipse.tractusx.edc.tests.edrv2.EdrCacheApiEndToEndTest","getEdrWithRefresh_unauthorized"
"","1483","Contract policy is NOT fulfilled Dismantler allowedBrands (IN, but not subset)","","Mon Jul 28 04:06:11 GMT 2025","passed","Mon Jul 28 04:06:12 GMT 2025","","org.eclipse.tractusx.edc.tests.transfer.DimConsumerPullTest","org.eclipse.tractusx.edc.tests.transfer.DimConsumerPullTest","transferData_whenContractPolicyNotFulfilled"
"","2988","Contract policy is fulfilled DataExchangeGovernance use case","","Mon Jul 28 04:06:22 GMT 2025","passed","Mon Jul 28 04:06:25 GMT 2025","","org.eclipse.tractusx.edc.tests.transfer.DimConsumerPullTest","org.eclipse.tractusx.edc.tests.transfer.DimConsumerPullTest","transferData_whenContractPolicyFulfilled"
"","15216","transferData_withTerminate()","","Mon Jul 28 04:04:42 GMT 2025","passed","Mon Jul 28 04:04:57 GMT 2025","","org.eclipse.tractusx.edc.tests.transfer.TransferPullEndToEndTest","org.eclipse.tractusx.edc.tests.transfer.TransferPullEndToEndTest","transferData_withTerminate"
"","36","Policy is accepted Usage Purpose","","Mon Jul 28 04:04:21 GMT 2025","passed","Mon Jul 28 04:04:21 GMT 2025","","org.eclipse.tractusx.edc.tests.policy.PolicyDefinitionEndToEndTest","org.eclipse.tractusx.edc.tests.policy.PolicyDefinitionEndToEndTest","shouldNotAcceptInvalidValidPolicyDefinitions"
"","4401","Verify that the callbacks are invoked when negotiating an EDR","","Mon Jul 28 04:04:42 GMT 2025","passed","Mon Jul 28 04:04:47 GMT 2025","","org.eclipse.tractusx.edc.tests.edrv2.NegotiateEdrTest","org.eclipse.tractusx.edc.tests.edrv2.NegotiateEdrTest","negotiateEdr_shouldInvokeCallbacks"
"","72","Policy is accepted PCF Use Case (legacy notation)","","Mon Jul 28 04:04:22 GMT 2025","passed","Mon Jul 28 04:04:22 GMT 2025","","org.eclipse.tractusx.edc.tests.policy.PolicyDefinitionEndToEndTest","org.eclipse.tractusx.edc.tests.policy.PolicyDefinitionEndToEndTest","shouldAcceptValidPolicyDefinitions"
"","44","Policy is accepted PCF Use Case (new notation)","","Mon Jul 28 04:04:22 GMT 2025","passed","Mon Jul 28 04:04:22 GMT 2025","","org.eclipse.tractusx.edc.tests.policy.PolicyDefinitionEndToEndTest","org.eclipse.tractusx.edc.tests.policy.PolicyDefinitionEndToEndTest","shouldAcceptValidPolicyDefinitions"
"","5941","Contract policy is fulfilled Dismantler allowedBrands (IS_ANY_OF, one intersects)","","Mon Jul 28 04:08:33 GMT 2025","passed","Mon Jul 28 04:08:39 GMT 2025","","org.eclipse.tractusx.edc.tests.transfer.StsConsumerPullTest","org.eclipse.tractusx.edc.tests.transfer.StsConsumerPullTest","transferData_whenContractPolicyFulfilled"
"","35","verifyAgentId_whenNoMembershipCredential(ParticipantAgentService)","","Mon Jul 28 04:06:53 GMT 2025","passed","Mon Jul 28 04:06:53 GMT 2025","","org.eclipse.tractusx.edc.tests.transfer.IdentityExtractorTest","org.eclipse.tractusx.edc.tests.transfer.IdentityExtractorTest","verifyAgentId_whenNoMembershipCredential"
"","1202","The authentication token misses required claims: audience","","Mon Jul 28 04:04:12 GMT 2025","passed","Mon Jul 28 04:04:13 GMT 2025","","org.eclipse.tractusx.edc.dataplane.tokenrefresh.e2e.DataPlaneTokenRefreshEndToEndTest","org.eclipse.tractusx.edc.dataplane.tokenrefresh.e2e.DataPlaneTokenRefreshEndToEndTest","refresh_invalidAuthenticationToken_missingAudience"
"","2039","transferMultipleFiles()","","Mon Jul 28 04:05:47 GMT 2025","passed","Mon Jul 28 04:05:49 GMT 2025","","org.eclipse.tractusx.edc.dataplane.transfer.test.S3ToS3Test","org.eclipse.tractusx.edc.dataplane.transfer.test.S3ToS3Test","transferMultipleFiles"
"","2036","transferFile_azureToS3(Vault)","","Mon Jul 28 04:05:20 GMT 2025","passed","Mon Jul 28 04:05:22 GMT 2025","","org.eclipse.tractusx.edc.dataplane.transfer.test.MultiCloudTest","org.eclipse.tractusx.edc.dataplane.transfer.test.MultiCloudTest","transferFile_azureToS3"
"","1222","The sign key of the authentication token is different from the public key from the DID","","Mon Jul 28 04:04:11 GMT 2025","passed","Mon Jul 28 04:04:12 GMT 2025","","org.eclipse.tractusx.edc.dataplane.tokenrefresh.e2e.DataPlaneTokenRefreshEndToEndTest","org.eclipse.tractusx.edc.dataplane.tokenrefresh.e2e.DataPlaneTokenRefreshEndToEndTest","refresh_spoofedAuthToken"
"","56","Policy is accepted Dismantler allowedBrands (EQ, exact match)","","Mon Jul 28 04:04:22 GMT 2025","passed","Mon Jul 28 04:04:22 GMT 2025","","org.eclipse.tractusx.edc.tests.policy.PolicyDefinitionEndToEndTest","org.eclipse.tractusx.edc.tests.policy.PolicyDefinitionEndToEndTest","shouldAcceptValidPolicyDefinitions"
"","6048","Contract policy is fulfilled Dismantler allowedBrands (EQ, exact match)","","Mon Jul 28 04:08:39 GMT 2025","passed","Mon Jul 28 04:08:45 GMT 2025","","org.eclipse.tractusx.edc.tests.transfer.StsConsumerPullTest","org.eclipse.tractusx.edc.tests.transfer.StsConsumerPullTest","transferData_whenContractPolicyFulfilled"
"","13005","shouldTransferOneGbFile()","","Mon Jul 28 04:05:34 GMT 2025","passed","Mon Jul 28 04:05:47 GMT 2025","","org.eclipse.tractusx.edc.dataplane.transfer.test.S3ToS3Test","org.eclipse.tractusx.edc.dataplane.transfer.test.S3ToS3Test","shouldTransferOneGbFile"
"","2972","Contract policy is NOT fulfilled Traceability Use Case (new notation)","","Mon Jul 28 04:07:44 GMT 2025","passed","Mon Jul 28 04:07:47 GMT 2025","","org.eclipse.tractusx.edc.tests.transfer.StsConsumerPullTest","org.eclipse.tractusx.edc.tests.transfer.StsConsumerPullTest","transferData_whenContractPolicyNotFulfilled"
"","1483","Consumer gets cached catalog with provider entry","","Mon Jul 28 04:05:40 GMT 2025","passed","Mon Jul 28 04:05:41 GMT 2025","","org.eclipse.tractusx.edc.tests.catalog.FederatedCatalogTest","org.eclipse.tractusx.edc.tests.catalog.FederatedCatalogTest","requestCatalog_fulfillsPolicy_shouldReturnOffer"
"","1342","Policy is accepted MembershipCredential","","Mon Jul 28 04:04:20 GMT 2025","passed","Mon Jul 28 04:04:21 GMT 2025","","org.eclipse.tractusx.edc.tests.policy.PolicyDefinitionEndToEndTest","org.eclipse.tractusx.edc.tests.policy.PolicyDefinitionEndToEndTest","shouldNotAcceptInvalidValidPolicyDefinitions"
"","479","Policy is accepted MembershipCredential","","Mon Jul 28 04:04:21 GMT 2025","passed","Mon Jul 28 04:04:22 GMT 2025","","org.eclipse.tractusx.edc.tests.policy.PolicyDefinitionEndToEndTest","org.eclipse.tractusx.edc.tests.policy.PolicyDefinitionEndToEndTest","shouldAcceptValidPolicyDefinitions"
"","32","Provider gets 400 when no asset selector is used","","Mon Jul 28 04:05:16 GMT 2025","passed","Mon Jul 28 04:05:16 GMT 2025","","org.eclipse.tractusx.edc.tests.validators.EmptyAssetSelectorValidatorTest","org.eclipse.tractusx.edc.tests.validators.EmptyAssetSelectorValidatorTest","shouldFail_whenContractDefinitionHasNoAssetSelector"
"","9959","azureBlobPush_withoutDestFolder()","","Mon Jul 28 04:04:26 GMT 2025","passed","Mon Jul 28 04:04:36 GMT 2025","","org.eclipse.tractusx.edc.tests.transfer.AzureToAzureEndToEndTest","org.eclipse.tractusx.edc.tests.transfer.AzureToAzureEndToEndTest","azureBlobPush_withoutDestFolder"
"","56","Policy is accepted Contract reference","","Mon Jul 28 04:04:22 GMT 2025","passed","Mon Jul 28 04:04:23 GMT 2025","","org.eclipse.tractusx.edc.tests.policy.PolicyDefinitionEndToEndTest","org.eclipse.tractusx.edc.tests.policy.PolicyDefinitionEndToEndTest","shouldAcceptValidPolicyDefinitions"
"","1225","Refresh token success","","Mon Jul 28 04:04:13 GMT 2025","passed","Mon Jul 28 04:04:15 GMT 2025","","org.eclipse.tractusx.edc.dataplane.tokenrefresh.e2e.DataPlaneTokenRefreshEndToEndTest","org.eclipse.tractusx.edc.dataplane.tokenrefresh.e2e.DataPlaneTokenRefreshEndToEndTest","refresh_success"
"","7228","transferData_withSuspendResume()","","Mon Jul 28 04:04:57 GMT 2025","passed","Mon Jul 28 04:05:05 GMT 2025","","org.eclipse.tractusx.edc.tests.transfer.TransferPullEndToEndTest","org.eclipse.tractusx.edc.tests.transfer.TransferPullEndToEndTest","transferData_withSuspendResume"
"","1237","shouldFail_whenDestinationBucketDoesNotExist()","","Mon Jul 28 04:05:33 GMT 2025","passed","Mon Jul 28 04:05:34 GMT 2025","","org.eclipse.tractusx.edc.dataplane.transfer.test.S3ToS3Test","org.eclipse.tractusx.edc.dataplane.transfer.test.S3ToS3Test","shouldFail_whenDestinationBucketDoesNotExist"
"","6075","Contract policy is fulfilled Dismantler Cred (activity type)","","Mon Jul 28 04:08:27 GMT 2025","passed","Mon Jul 28 04:08:33 GMT 2025","","org.eclipse.tractusx.edc.tests.transfer.StsConsumerPullTest","org.eclipse.tractusx.edc.tests.transfer.StsConsumerPullTest","transferData_whenContractPolicyFulfilled"
"","2695","Contract policy is fulfilled Dismantler allowedBrands (IN, fully contained)","","Mon Jul 28 04:06:40 GMT 2025","passed","Mon Jul 28 04:06:43 GMT 2025","","org.eclipse.tractusx.edc.tests.transfer.DimConsumerPullTest","org.eclipse.tractusx.edc.tests.transfer.DimConsumerPullTest","transferData_whenContractPolicyFulfilled"
"","6843","httpPushDataTransfer()","","Mon Jul 28 04:05:25 GMT 2025","passed","Mon Jul 28 04:05:32 GMT 2025","","org.eclipse.tractusx.edc.tests.transfer.TransferPushEndToEndTest","org.eclipse.tractusx.edc.tests.transfer.TransferPushEndToEndTest","httpPushDataTransfer"
"","6042","Contract policy is fulfilled Dismantler allowedBrands (IS_NONE_OF, no intersect)","","Mon Jul 28 04:08:45 GMT 2025","passed","Mon Jul 28 04:08:51 GMT 2025","","org.eclipse.tractusx.edc.tests.transfer.StsConsumerPullTest","org.eclipse.tractusx.edc.tests.transfer.StsConsumerPullTest","transferData_whenContractPolicyFulfilled"
"","3124","Contract policy is fulfilled MembershipCredential","","Mon Jul 28 04:06:12 GMT 2025","passed","Mon Jul 28 04:06:16 GMT 2025","","org.eclipse.tractusx.edc.tests.transfer.DimConsumerPullTest","org.eclipse.tractusx.edc.tests.transfer.DimConsumerPullTest","transferData_whenContractPolicyFulfilled"
"","1240","Refresh token is null or empty (missing) [2] ","","Mon Jul 28 04:04:07 GMT 2025","passed","Mon Jul 28 04:04:09 GMT 2025","","org.eclipse.tractusx.edc.dataplane.tokenrefresh.e2e.DataPlaneTokenRefreshEndToEndTest","org.eclipse.tractusx.edc.dataplane.tokenrefresh.e2e.DataPlaneTokenRefreshEndToEndTest","refresh_invalidRefreshToken"
"","1358","Contract policy is NOT fulfilled Dismantler allowedBrands (IN, but not subset)","","Mon Jul 28 04:07:56 GMT 2025","passed","Mon Jul 28 04:07:57 GMT 2025","","org.eclipse.tractusx.edc.tests.transfer.StsConsumerPullTest","org.eclipse.tractusx.edc.tests.transfer.StsConsumerPullTest","transferData_whenContractPolicyNotFulfilled"
"","6065","Contract policy is fulfilled DataExchangeGovernance use case","","Mon Jul 28 04:08:15 GMT 2025","passed","Mon Jul 28 04:08:21 GMT 2025","","org.eclipse.tractusx.edc.tests.transfer.StsConsumerPullTest","org.eclipse.tractusx.edc.tests.transfer.StsConsumerPullTest","transferData_whenContractPolicyFulfilled"
"","371","Expect the Catalog request to fail if a credential is revoked","","Mon Jul 28 04:05:45 GMT 2025","passed","Mon Jul 28 04:05:45 GMT 2025","","org.eclipse.tractusx.edc.tests.transfer.DimConsumerPullTest","org.eclipse.tractusx.edc.tests.transfer.DimConsumerPullTest","catalogRequest_whenCredentialRevoked"
"","5975","Contract policy is fulfilled Dismantler Credential","","Mon Jul 28 04:08:21 GMT 2025","passed","Mon Jul 28 04:08:27 GMT 2025","","org.eclipse.tractusx.edc.tests.transfer.StsConsumerPullTest","org.eclipse.tractusx.edc.tests.transfer.StsConsumerPullTest","transferData_whenContractPolicyFulfilled"
"","3010","Contract policy is fulfilled Dismantler allowedBrands (EQ, exact match)","","Mon Jul 28 04:06:34 GMT 2025","passed","Mon Jul 28 04:06:37 GMT 2025","","org.eclipse.tractusx.edc.tests.transfer.DimConsumerPullTest","org.eclipse.tractusx.edc.tests.transfer.DimConsumerPullTest","transferData_whenContractPolicyFulfilled"
"","3027","Contract policy is fulfilled Dismantler Credential","","Mon Jul 28 04:06:25 GMT 2025","passed","Mon Jul 28 04:06:28 GMT 2025","","org.eclipse.tractusx.edc.tests.transfer.DimConsumerPullTest","org.eclipse.tractusx.edc.tests.transfer.DimConsumerPullTest","transferData_whenContractPolicyFulfilled"
"","35","Policy is accepted Dismantler allowedBrands (EQ, exact match)","","Mon Jul 28 04:04:21 GMT 2025","passed","Mon Jul 28 04:04:21 GMT 2025","","org.eclipse.tractusx.edc.tests.policy.PolicyDefinitionEndToEndTest","org.eclipse.tractusx.edc.tests.policy.PolicyDefinitionEndToEndTest","shouldNotAcceptInvalidValidPolicyDefinitions"
"","366","Provider gets 400 when empty asset selector is used","","Mon Jul 28 04:05:16 GMT 2025","passed","Mon Jul 28 04:05:16 GMT 2025","","org.eclipse.tractusx.edc.tests.validators.EmptyAssetSelectorValidatorTest","org.eclipse.tractusx.edc.tests.validators.EmptyAssetSelectorValidatorTest","shouldFail_whenContractDefinitionHasEmptyAssetSelector"
"","34","Policy is accepted DataExchangeGovernance use case","","Mon Jul 28 04:04:21 GMT 2025","passed","Mon Jul 28 04:04:21 GMT 2025","","org.eclipse.tractusx.edc.tests.policy.PolicyDefinitionEndToEndTest","org.eclipse.tractusx.edc.tests.policy.PolicyDefinitionEndToEndTest","shouldNotAcceptInvalidValidPolicyDefinitions"
"","11849","shouldTerminateTransfer_whenPolicyExpires()","","Mon Jul 28 04:04:43 GMT 2025","passed","Mon Jul 28 04:04:55 GMT 2025","","org.eclipse.tractusx.edc.tests.policy.PolicyMonitorEndToEndTest","org.eclipse.tractusx.edc.tests.policy.PolicyMonitorEndToEndTest","shouldTerminateTransfer_whenPolicyExpires"
"","563","refreshEdr_whenNotAuthorized()","","Mon Jul 28 04:04:24 GMT 2025","passed","Mon Jul 28 04:04:24 GMT 2025","","org.eclipse.tractusx.edc.tests.edrv2.EdrCacheApiEndToEndTest","org.eclipse.tractusx.edc.tests.edrv2.EdrCacheApiEndToEndTest","refreshEdr_whenNotAuthorized"
"","32","Policy is accepted Dismantler Cred (activity type)","","Mon Jul 28 04:04:21 GMT 2025","passed","Mon Jul 28 04:04:21 GMT 2025","","org.eclipse.tractusx.edc.tests.policy.PolicyDefinitionEndToEndTest","org.eclipse.tractusx.edc.tests.policy.PolicyDefinitionEndToEndTest","shouldNotAcceptInvalidValidPolicyDefinitions"
"","3024","Contract policy is fulfilled PCF Use Case (legacy notation)","","Mon Jul 28 04:06:16 GMT 2025","passed","Mon Jul 28 04:06:19 GMT 2025","","org.eclipse.tractusx.edc.tests.transfer.DimConsumerPullTest","org.eclipse.tractusx.edc.tests.transfer.DimConsumerPullTest","transferData_whenContractPolicyFulfilled"
"","41","Policy is accepted Dismantler allowedBrands (IN, fully contained)","","Mon Jul 28 04:04:22 GMT 2025","passed","Mon Jul 28 04:04:22 GMT 2025","","org.eclipse.tractusx.edc.tests.policy.PolicyDefinitionEndToEndTest","org.eclipse.tractusx.edc.tests.policy.PolicyDefinitionEndToEndTest","shouldAcceptValidPolicyDefinitions"
"","7627","transferData_privateBackend()","","Mon Jul 28 04:07:11 GMT 2025","passed","Mon Jul 28 04:07:18 GMT 2025","","org.eclipse.tractusx.edc.tests.transfer.StsConsumerPullTest","org.eclipse.tractusx.edc.tests.transfer.StsConsumerPullTest","transferData_privateBackend"
"","275","Expect the Catalog request to fail if a credential is revoked","","Mon Jul 28 04:07:25 GMT 2025","passed","Mon Jul 28 04:07:25 GMT 2025","","org.eclipse.tractusx.edc.tests.transfer.StsConsumerPullTest","org.eclipse.tractusx.edc.tests.transfer.StsConsumerPullTest","catalogRequest_whenCredentialRevoked"
"","5688","transferData_privateBackend()","","Mon Jul 28 04:05:36 GMT 2025","passed","Mon Jul 28 04:05:42 GMT 2025","","org.eclipse.tractusx.edc.tests.transfer.DimConsumerPullTest","org.eclipse.tractusx.edc.tests.transfer.DimConsumerPullTest","transferData_privateBackend"
"","5977","Contract policy is fulfilled PCF Use Case (legacy notation)","","Mon Jul 28 04:08:03 GMT 2025","passed","Mon Jul 28 04:08:09 GMT 2025","","org.eclipse.tractusx.edc.tests.transfer.StsConsumerPullTest","org.eclipse.tractusx.edc.tests.transfer.StsConsumerPullTest","transferData_whenContractPolicyFulfilled"
"","1597","shouldDelegateAuth()","","Mon Jul 28 04:05:02 GMT 2025","passed","Mon Jul 28 04:05:04 GMT 2025","","org.eclipse.tractusx.edc.tests.auth.DelegatedAuthEndToEndTest","org.eclipse.tractusx.edc.tests.auth.DelegatedAuthEndToEndTest","shouldDelegateAuth"
"","15722","Expect the Catalog request to fail if a credential is expired","","Mon Jul 28 04:07:25 GMT 2025","passed","Mon Jul 28 04:07:41 GMT 2025","","org.eclipse.tractusx.edc.tests.transfer.StsConsumerPullTest","org.eclipse.tractusx.edc.tests.transfer.StsConsumerPullTest","catalogRequest_whenCredentialExpired"
"","46","Policy is accepted Dismantler allowedBrands (IS_NONE_OF, no intersect)","","Mon Jul 28 04:04:22 GMT 2025","passed","Mon Jul 28 04:04:22 GMT 2025","","org.eclipse.tractusx.edc.tests.policy.PolicyDefinitionEndToEndTest","org.eclipse.tractusx.edc.tests.policy.PolicyDefinitionEndToEndTest","shouldAcceptValidPolicyDefinitions"
"","51","Policy is accepted PCF Use Case (legacy notation)","","Mon Jul 28 04:04:21 GMT 2025","passed","Mon Jul 28 04:04:21 GMT 2025","","org.eclipse.tractusx.edc.tests.policy.PolicyDefinitionEndToEndTest","org.eclipse.tractusx.edc.tests.policy.PolicyDefinitionEndToEndTest","shouldNotAcceptInvalidValidPolicyDefinitions"
"","24468","transferFile_largeFile(long, Vault) File size bytes: 1073741824","","Mon Jul 28 04:04:33 GMT 2025","passed","Mon Jul 28 04:04:57 GMT 2025","","org.eclipse.tractusx.edc.dataplane.transfer.test.AzureToAzureTest","org.eclipse.tractusx.edc.dataplane.transfer.test.AzureToAzureTest","transferFile_largeFile"
"","6112","azureBlobPush_containerNotExist()","","Mon Jul 28 04:04:42 GMT 2025","passed","Mon Jul 28 04:04:48 GMT 2025","","org.eclipse.tractusx.edc.tests.transfer.AzureToAzureEndToEndTest","org.eclipse.tractusx.edc.tests.transfer.AzureToAzureEndToEndTest","azureBlobPush_containerNotExist"
"","8324","Verify all existing TPs related to an agreement are terminated upon its retirement","","Mon Jul 28 04:04:23 GMT 2025","passed","Mon Jul 28 04:04:32 GMT 2025","","org.eclipse.tractusx.edc.tests.agreement.retirement.RetireAgreementTest","org.eclipse.tractusx.edc.tests.agreement.retirement.RetireAgreementTest","retireAgreement_shouldCloseTransferProcesses"
"","15798","Expect the Catalog request to fail if a credential is expired","","Mon Jul 28 04:05:45 GMT 2025","passed","Mon Jul 28 04:06:01 GMT 2025","","org.eclipse.tractusx.edc.tests.transfer.DimConsumerPullTest","org.eclipse.tractusx.edc.tests.transfer.DimConsumerPullTest","catalogRequest_whenCredentialExpired"
"","7638","transferData_withAutomaticRefresh()","","Mon Jul 28 04:05:50 GMT 2025","passed","Mon Jul 28 04:05:58 GMT 2025","","org.eclipse.tractusx.edc.tests.transfer.TransferWithTokenRefreshTest","org.eclipse.tractusx.edc.tests.transfer.TransferWithTokenRefreshTest","transferData_withAutomaticRefresh"
"","155","Verify the refresh endpoint is not called when token not yet expired","","Mon Jul 28 04:04:18 GMT 2025","passed","Mon Jul 28 04:04:18 GMT 2025","","org.eclipse.tractusx.edc.tests.edrv2.EdrCacheApiEndToEndTest","org.eclipse.tractusx.edc.tests.edrv2.EdrCacheApiEndToEndTest","getEdrWithRefresh_notExpired_shouldNotCallEndpoint"
"","1571","Contract policy is NOT fulfilled Sustainability Use Case (legacy notation)","","Mon Jul 28 04:06:01 GMT 2025","passed","Mon Jul 28 04:06:02 GMT 2025","","org.eclipse.tractusx.edc.tests.transfer.DimConsumerPullTest","org.eclipse.tractusx.edc.tests.transfer.DimConsumerPullTest","transferData_whenContractPolicyNotFulfilled"
"","2045","transferFile_s3ToAzureMultipleFiles(Vault)","","Mon Jul 28 04:05:22 GMT 2025","passed","Mon Jul 28 04:05:24 GMT 2025","","org.eclipse.tractusx.edc.dataplane.transfer.test.MultiCloudTest","org.eclipse.tractusx.edc.dataplane.transfer.test.MultiCloudTest","transferFile_s3ToAzureMultipleFiles"
"","2166","Contract policy is NOT fulfilled Traceability Use Case (new notation)","","Mon Jul 28 04:06:02 GMT 2025","passed","Mon Jul 28 04:06:05 GMT 2025","","org.eclipse.tractusx.edc.tests.transfer.DimConsumerPullTest","org.eclipse.tractusx.edc.tests.transfer.DimConsumerPullTest","transferData_whenContractPolicyNotFulfilled"
"","15814","Malicious actor should not impersonate a consumer by creating a VP with the consumer membership credential","","Mon Jul 28 04:04:52 GMT 2025","passed","Mon Jul 28 04:05:08 GMT 2025","","org.eclipse.tractusx.edc.tests.transfer.CredentialSpoofTest","org.eclipse.tractusx.edc.tests.transfer.CredentialSpoofTest","shouldNotImpersonateConsumer_withWrappedConsumerCredential"
"","2040","transferFile_success(Vault)","","Mon Jul 28 04:04:59 GMT 2025","passed","Mon Jul 28 04:05:01 GMT 2025","","org.eclipse.tractusx.edc.dataplane.transfer.test.AzureToAzureTest","org.eclipse.tractusx.edc.dataplane.transfer.test.AzureToAzureTest","transferFile_success"
"","5930","Contract policy is fulfilled Dismantler allowedBrands (IN, fully contained)","","Mon Jul 28 04:08:51 GMT 2025","passed","Mon Jul 28 04:08:57 GMT 2025","","org.eclipse.tractusx.edc.tests.transfer.StsConsumerPullTest","org.eclipse.tractusx.edc.tests.transfer.StsConsumerPullTest","transferData_whenContractPolicyFulfilled"
"","2045","transferFolder_targetFolderNotExists_shouldCreate(Vault)","","Mon Jul 28 04:05:01 GMT 2025","passed","Mon Jul 28 04:05:03 GMT 2025","","org.eclipse.tractusx.edc.dataplane.transfer.test.AzureToAzureTest","org.eclipse.tractusx.edc.dataplane.transfer.test.AzureToAzureTest","transferFolder_targetFolderNotExists_shouldCreate"
"","2953","Contract policy is NOT fulfilled Dismantler activityType does not match","","Mon Jul 28 04:07:47 GMT 2025","passed","Mon Jul 28 04:07:50 GMT 2025","","org.eclipse.tractusx.edc.tests.transfer.StsConsumerPullTest","org.eclipse.tractusx.edc.tests.transfer.StsConsumerPullTest","transferData_whenContractPolicyNotFulfilled"
"","2068","transferMultipleFile_success(Vault)","","Mon Jul 28 04:04:57 GMT 2025","passed","Mon Jul 28 04:04:59 GMT 2025","","org.eclipse.tractusx.edc.dataplane.transfer.test.AzureToAzureTest","org.eclipse.tractusx.edc.dataplane.transfer.test.AzureToAzureTest","transferMultipleFile_success"
"","35","Policy is accepted Dismantler allowedBrands (IN, fully contained)","","Mon Jul 28 04:04:21 GMT 2025","passed","Mon Jul 28 04:04:21 GMT 2025","","org.eclipse.tractusx.edc.tests.policy.PolicyDefinitionEndToEndTest","org.eclipse.tractusx.edc.tests.policy.PolicyDefinitionEndToEndTest","shouldNotAcceptInvalidValidPolicyDefinitions"
